No,Features,Description
1,var_1_tBodyAcc-mean()-X,Original features: tBodyAcc-mean()-X . (Feature No: 1 )
2,var_2_tBodyAcc-mean()-Y,Original features: tBodyAcc-mean()-Y . (Feature No: 2 )
3,var_3_tBodyAcc-mean()-Z,Original features: tBodyAcc-mean()-Z . (Feature No: 3 )
4,var_4_tBodyAcc-std()-X,Original features: tBodyAcc-std()-X . (Feature No: 4 )
5,var_5_tBodyAcc-std()-Y,Original features: tBodyAcc-std()-Y . (Feature No: 5 )
6,var_6_tBodyAcc-std()-Z,Original features: tBodyAcc-std()-Z . (Feature No: 6 )
7,var_7_tBodyAcc-mad()-X,Original features: tBodyAcc-mad()-X . (Feature No: 7 )
8,var_8_tBodyAcc-mad()-Y,Original features: tBodyAcc-mad()-Y . (Feature No: 8 )
9,var_9_tBodyAcc-mad()-Z,Original features: tBodyAcc-mad()-Z . (Feature No: 9 )
10,var_10_tBodyAcc-max()-X,Original features: tBodyAcc-max()-X . (Feature No: 10 )
11,var_11_tBodyAcc-max()-Y,Original features: tBodyAcc-max()-Y . (Feature No: 11 )
12,var_12_tBodyAcc-max()-Z,Original features: tBodyAcc-max()-Z . (Feature No: 12 )
13,var_13_tBodyAcc-min()-X,Original features: tBodyAcc-min()-X . (Feature No: 13 )
14,var_14_tBodyAcc-min()-Y,Original features: tBodyAcc-min()-Y . (Feature No: 14 )
15,var_15_tBodyAcc-min()-Z,Original features: tBodyAcc-min()-Z . (Feature No: 15 )
16,var_16_tBodyAcc-sma(),Original features: tBodyAcc-sma() . (Feature No: 16 )
17,var_17_tBodyAcc-energy()-X,Original features: tBodyAcc-energy()-X . (Feature No: 17 )
18,var_18_tBodyAcc-energy()-Y,Original features: tBodyAcc-energy()-Y . (Feature No: 18 )
19,var_19_tBodyAcc-energy()-Z,Original features: tBodyAcc-energy()-Z . (Feature No: 19 )
20,var_20_tBodyAcc-iqr()-X,Original features: tBodyAcc-iqr()-X . (Feature No: 20 )
21,var_21_tBodyAcc-iqr()-Y,Original features: tBodyAcc-iqr()-Y . (Feature No: 21 )
22,var_22_tBodyAcc-iqr()-Z,Original features: tBodyAcc-iqr()-Z . (Feature No: 22 )
23,var_23_tBodyAcc-entropy()-X,Original features: tBodyAcc-entropy()-X . (Feature No: 23 )
24,var_24_tBodyAcc-entropy()-Y,Original features: tBodyAcc-entropy()-Y . (Feature No: 24 )
25,var_25_tBodyAcc-entropy()-Z,Original features: tBodyAcc-entropy()-Z . (Feature No: 25 )
26,"var_26_tBodyAcc-arCoeff()-X,1","Original features: tBodyAcc-arCoeff()-X,1 . (Feature No: 26 )"
27,"var_27_tBodyAcc-arCoeff()-X,2","Original features: tBodyAcc-arCoeff()-X,2 . (Feature No: 27 )"
28,"var_28_tBodyAcc-arCoeff()-X,3","Original features: tBodyAcc-arCoeff()-X,3 . (Feature No: 28 )"
29,"var_29_tBodyAcc-arCoeff()-X,4","Original features: tBodyAcc-arCoeff()-X,4 . (Feature No: 29 )"
30,"var_30_tBodyAcc-arCoeff()-Y,1","Original features: tBodyAcc-arCoeff()-Y,1 . (Feature No: 30 )"
31,"var_31_tBodyAcc-arCoeff()-Y,2","Original features: tBodyAcc-arCoeff()-Y,2 . (Feature No: 31 )"
32,"var_32_tBodyAcc-arCoeff()-Y,3","Original features: tBodyAcc-arCoeff()-Y,3 . (Feature No: 32 )"
33,"var_33_tBodyAcc-arCoeff()-Y,4","Original features: tBodyAcc-arCoeff()-Y,4 . (Feature No: 33 )"
34,"var_34_tBodyAcc-arCoeff()-Z,1","Original features: tBodyAcc-arCoeff()-Z,1 . (Feature No: 34 )"
35,"var_35_tBodyAcc-arCoeff()-Z,2","Original features: tBodyAcc-arCoeff()-Z,2 . (Feature No: 35 )"
36,"var_36_tBodyAcc-arCoeff()-Z,3","Original features: tBodyAcc-arCoeff()-Z,3 . (Feature No: 36 )"
37,"var_37_tBodyAcc-arCoeff()-Z,4","Original features: tBodyAcc-arCoeff()-Z,4 . (Feature No: 37 )"
38,"var_38_tBodyAcc-correlation()-X,Y","Original features: tBodyAcc-correlation()-X,Y . (Feature No: 38 )"
39,"var_39_tBodyAcc-correlation()-X,Z","Original features: tBodyAcc-correlation()-X,Z . (Feature No: 39 )"
40,"var_40_tBodyAcc-correlation()-Y,Z","Original features: tBodyAcc-correlation()-Y,Z . (Feature No: 40 )"
41,var_41_tGravityAcc-mean()-X,Original features: tGravityAcc-mean()-X . (Feature No: 41 )
42,var_42_tGravityAcc-mean()-Y,Original features: tGravityAcc-mean()-Y . (Feature No: 42 )
43,var_43_tGravityAcc-mean()-Z,Original features: tGravityAcc-mean()-Z . (Feature No: 43 )
44,var_44_tGravityAcc-std()-X,Original features: tGravityAcc-std()-X . (Feature No: 44 )
45,var_45_tGravityAcc-std()-Y,Original features: tGravityAcc-std()-Y . (Feature No: 45 )
46,var_46_tGravityAcc-std()-Z,Original features: tGravityAcc-std()-Z . (Feature No: 46 )
47,var_47_tGravityAcc-mad()-X,Original features: tGravityAcc-mad()-X . (Feature No: 47 )
48,var_48_tGravityAcc-mad()-Y,Original features: tGravityAcc-mad()-Y . (Feature No: 48 )
49,var_49_tGravityAcc-mad()-Z,Original features: tGravityAcc-mad()-Z . (Feature No: 49 )
50,var_50_tGravityAcc-max()-X,Original features: tGravityAcc-max()-X . (Feature No: 50 )
51,var_51_tGravityAcc-max()-Y,Original features: tGravityAcc-max()-Y . (Feature No: 51 )
52,var_52_tGravityAcc-max()-Z,Original features: tGravityAcc-max()-Z . (Feature No: 52 )
53,var_53_tGravityAcc-min()-X,Original features: tGravityAcc-min()-X . (Feature No: 53 )
54,var_54_tGravityAcc-min()-Y,Original features: tGravityAcc-min()-Y . (Feature No: 54 )
55,var_55_tGravityAcc-min()-Z,Original features: tGravityAcc-min()-Z . (Feature No: 55 )
56,var_56_tGravityAcc-sma(),Original features: tGravityAcc-sma() . (Feature No: 56 )
57,var_57_tGravityAcc-energy()-X,Original features: tGravityAcc-energy()-X . (Feature No: 57 )
58,var_58_tGravityAcc-energy()-Y,Original features: tGravityAcc-energy()-Y . (Feature No: 58 )
59,var_59_tGravityAcc-energy()-Z,Original features: tGravityAcc-energy()-Z . (Feature No: 59 )
60,var_60_tGravityAcc-iqr()-X,Original features: tGravityAcc-iqr()-X . (Feature No: 60 )
61,var_61_tGravityAcc-iqr()-Y,Original features: tGravityAcc-iqr()-Y . (Feature No: 61 )
62,var_62_tGravityAcc-iqr()-Z,Original features: tGravityAcc-iqr()-Z . (Feature No: 62 )
63,var_63_tGravityAcc-entropy()-X,Original features: tGravityAcc-entropy()-X . (Feature No: 63 )
64,var_64_tGravityAcc-entropy()-Y,Original features: tGravityAcc-entropy()-Y . (Feature No: 64 )
65,var_65_tGravityAcc-entropy()-Z,Original features: tGravityAcc-entropy()-Z . (Feature No: 65 )
66,"var_66_tGravityAcc-arCoeff()-X,1","Original features: tGravityAcc-arCoeff()-X,1 . (Feature No: 66 )"
67,"var_67_tGravityAcc-arCoeff()-X,2","Original features: tGravityAcc-arCoeff()-X,2 . (Feature No: 67 )"
68,"var_68_tGravityAcc-arCoeff()-X,3","Original features: tGravityAcc-arCoeff()-X,3 . (Feature No: 68 )"
69,"var_69_tGravityAcc-arCoeff()-X,4","Original features: tGravityAcc-arCoeff()-X,4 . (Feature No: 69 )"
70,"var_70_tGravityAcc-arCoeff()-Y,1","Original features: tGravityAcc-arCoeff()-Y,1 . (Feature No: 70 )"
71,"var_71_tGravityAcc-arCoeff()-Y,2","Original features: tGravityAcc-arCoeff()-Y,2 . (Feature No: 71 )"
72,"var_72_tGravityAcc-arCoeff()-Y,3","Original features: tGravityAcc-arCoeff()-Y,3 . (Feature No: 72 )"
73,"var_73_tGravityAcc-arCoeff()-Y,4","Original features: tGravityAcc-arCoeff()-Y,4 . (Feature No: 73 )"
74,"var_74_tGravityAcc-arCoeff()-Z,1","Original features: tGravityAcc-arCoeff()-Z,1 . (Feature No: 74 )"
75,"var_75_tGravityAcc-arCoeff()-Z,2","Original features: tGravityAcc-arCoeff()-Z,2 . (Feature No: 75 )"
76,"var_76_tGravityAcc-arCoeff()-Z,3","Original features: tGravityAcc-arCoeff()-Z,3 . (Feature No: 76 )"
77,"var_77_tGravityAcc-arCoeff()-Z,4","Original features: tGravityAcc-arCoeff()-Z,4 . (Feature No: 77 )"
78,"var_78_tGravityAcc-correlation()-X,Y","Original features: tGravityAcc-correlation()-X,Y . (Feature No: 78 )"
79,"var_79_tGravityAcc-correlation()-X,Z","Original features: tGravityAcc-correlation()-X,Z . (Feature No: 79 )"
80,"var_80_tGravityAcc-correlation()-Y,Z","Original features: tGravityAcc-correlation()-Y,Z . (Feature No: 80 )"
81,var_81_tBodyAccJerk-mean()-X,Original features: tBodyAccJerk-mean()-X . (Feature No: 81 )
82,var_82_tBodyAccJerk-mean()-Y,Original features: tBodyAccJerk-mean()-Y . (Feature No: 82 )
83,var_83_tBodyAccJerk-mean()-Z,Original features: tBodyAccJerk-mean()-Z . (Feature No: 83 )
84,var_84_tBodyAccJerk-std()-X,Original features: tBodyAccJerk-std()-X . (Feature No: 84 )
85,var_85_tBodyAccJerk-std()-Y,Original features: tBodyAccJerk-std()-Y . (Feature No: 85 )
86,var_86_tBodyAccJerk-std()-Z,Original features: tBodyAccJerk-std()-Z . (Feature No: 86 )
87,var_87_tBodyAccJerk-mad()-X,Original features: tBodyAccJerk-mad()-X . (Feature No: 87 )
88,var_88_tBodyAccJerk-mad()-Y,Original features: tBodyAccJerk-mad()-Y . (Feature No: 88 )
89,var_89_tBodyAccJerk-mad()-Z,Original features: tBodyAccJerk-mad()-Z . (Feature No: 89 )
90,var_90_tBodyAccJerk-max()-X,Original features: tBodyAccJerk-max()-X . (Feature No: 90 )
91,var_91_tBodyAccJerk-max()-Y,Original features: tBodyAccJerk-max()-Y . (Feature No: 91 )
92,var_92_tBodyAccJerk-max()-Z,Original features: tBodyAccJerk-max()-Z . (Feature No: 92 )
93,var_93_tBodyAccJerk-min()-X,Original features: tBodyAccJerk-min()-X . (Feature No: 93 )
94,var_94_tBodyAccJerk-min()-Y,Original features: tBodyAccJerk-min()-Y . (Feature No: 94 )
95,var_95_tBodyAccJerk-min()-Z,Original features: tBodyAccJerk-min()-Z . (Feature No: 95 )
96,var_96_tBodyAccJerk-sma(),Original features: tBodyAccJerk-sma() . (Feature No: 96 )
97,var_97_tBodyAccJerk-energy()-X,Original features: tBodyAccJerk-energy()-X . (Feature No: 97 )
98,var_98_tBodyAccJerk-energy()-Y,Original features: tBodyAccJerk-energy()-Y . (Feature No: 98 )
99,var_99_tBodyAccJerk-energy()-Z,Original features: tBodyAccJerk-energy()-Z . (Feature No: 99 )
100,var_100_tBodyAccJerk-iqr()-X,Original features: tBodyAccJerk-iqr()-X . (Feature No: 100 )
101,var_101_tBodyAccJerk-iqr()-Y,Original features: tBodyAccJerk-iqr()-Y . (Feature No: 101 )
102,var_102_tBodyAccJerk-iqr()-Z,Original features: tBodyAccJerk-iqr()-Z . (Feature No: 102 )
103,var_103_tBodyAccJerk-entropy()-X,Original features: tBodyAccJerk-entropy()-X . (Feature No: 103 )
104,var_104_tBodyAccJerk-entropy()-Y,Original features: tBodyAccJerk-entropy()-Y . (Feature No: 104 )
105,var_105_tBodyAccJerk-entropy()-Z,Original features: tBodyAccJerk-entropy()-Z . (Feature No: 105 )
106,"var_106_tBodyAccJerk-arCoeff()-X,1","Original features: tBodyAccJerk-arCoeff()-X,1 . (Feature No: 106 )"
107,"var_107_tBodyAccJerk-arCoeff()-X,2","Original features: tBodyAccJerk-arCoeff()-X,2 . (Feature No: 107 )"
108,"var_108_tBodyAccJerk-arCoeff()-X,3","Original features: tBodyAccJerk-arCoeff()-X,3 . (Feature No: 108 )"
109,"var_109_tBodyAccJerk-arCoeff()-X,4","Original features: tBodyAccJerk-arCoeff()-X,4 . (Feature No: 109 )"
110,"var_110_tBodyAccJerk-arCoeff()-Y,1","Original features: tBodyAccJerk-arCoeff()-Y,1 . (Feature No: 110 )"
111,"var_111_tBodyAccJerk-arCoeff()-Y,2","Original features: tBodyAccJerk-arCoeff()-Y,2 . (Feature No: 111 )"
112,"var_112_tBodyAccJerk-arCoeff()-Y,3","Original features: tBodyAccJerk-arCoeff()-Y,3 . (Feature No: 112 )"
113,"var_113_tBodyAccJerk-arCoeff()-Y,4","Original features: tBodyAccJerk-arCoeff()-Y,4 . (Feature No: 113 )"
114,"var_114_tBodyAccJerk-arCoeff()-Z,1","Original features: tBodyAccJerk-arCoeff()-Z,1 . (Feature No: 114 )"
115,"var_115_tBodyAccJerk-arCoeff()-Z,2","Original features: tBodyAccJerk-arCoeff()-Z,2 . (Feature No: 115 )"
116,"var_116_tBodyAccJerk-arCoeff()-Z,3","Original features: tBodyAccJerk-arCoeff()-Z,3 . (Feature No: 116 )"
117,"var_117_tBodyAccJerk-arCoeff()-Z,4","Original features: tBodyAccJerk-arCoeff()-Z,4 . (Feature No: 117 )"
118,"var_118_tBodyAccJerk-correlation()-X,Y","Original features: tBodyAccJerk-correlation()-X,Y . (Feature No: 118 )"
119,"var_119_tBodyAccJerk-correlation()-X,Z","Original features: tBodyAccJerk-correlation()-X,Z . (Feature No: 119 )"
120,"var_120_tBodyAccJerk-correlation()-Y,Z","Original features: tBodyAccJerk-correlation()-Y,Z . (Feature No: 120 )"
121,var_121_tBodyGyro-mean()-X,Original features: tBodyGyro-mean()-X . (Feature No: 121 )
122,var_122_tBodyGyro-mean()-Y,Original features: tBodyGyro-mean()-Y . (Feature No: 122 )
123,var_123_tBodyGyro-mean()-Z,Original features: tBodyGyro-mean()-Z . (Feature No: 123 )
124,var_124_tBodyGyro-std()-X,Original features: tBodyGyro-std()-X . (Feature No: 124 )
125,var_125_tBodyGyro-std()-Y,Original features: tBodyGyro-std()-Y . (Feature No: 125 )
126,var_126_tBodyGyro-std()-Z,Original features: tBodyGyro-std()-Z . (Feature No: 126 )
127,var_127_tBodyGyro-mad()-X,Original features: tBodyGyro-mad()-X . (Feature No: 127 )
128,var_128_tBodyGyro-mad()-Y,Original features: tBodyGyro-mad()-Y . (Feature No: 128 )
129,var_129_tBodyGyro-mad()-Z,Original features: tBodyGyro-mad()-Z . (Feature No: 129 )
130,var_130_tBodyGyro-max()-X,Original features: tBodyGyro-max()-X . (Feature No: 130 )
131,var_131_tBodyGyro-max()-Y,Original features: tBodyGyro-max()-Y . (Feature No: 131 )
132,var_132_tBodyGyro-max()-Z,Original features: tBodyGyro-max()-Z . (Feature No: 132 )
133,var_133_tBodyGyro-min()-X,Original features: tBodyGyro-min()-X . (Feature No: 133 )
134,var_134_tBodyGyro-min()-Y,Original features: tBodyGyro-min()-Y . (Feature No: 134 )
135,var_135_tBodyGyro-min()-Z,Original features: tBodyGyro-min()-Z . (Feature No: 135 )
136,var_136_tBodyGyro-sma(),Original features: tBodyGyro-sma() . (Feature No: 136 )
137,var_137_tBodyGyro-energy()-X,Original features: tBodyGyro-energy()-X . (Feature No: 137 )
138,var_138_tBodyGyro-energy()-Y,Original features: tBodyGyro-energy()-Y . (Feature No: 138 )
139,var_139_tBodyGyro-energy()-Z,Original features: tBodyGyro-energy()-Z . (Feature No: 139 )
140,var_140_tBodyGyro-iqr()-X,Original features: tBodyGyro-iqr()-X . (Feature No: 140 )
141,var_141_tBodyGyro-iqr()-Y,Original features: tBodyGyro-iqr()-Y . (Feature No: 141 )
142,var_142_tBodyGyro-iqr()-Z,Original features: tBodyGyro-iqr()-Z . (Feature No: 142 )
143,var_143_tBodyGyro-entropy()-X,Original features: tBodyGyro-entropy()-X . (Feature No: 143 )
144,var_144_tBodyGyro-entropy()-Y,Original features: tBodyGyro-entropy()-Y . (Feature No: 144 )
145,var_145_tBodyGyro-entropy()-Z,Original features: tBodyGyro-entropy()-Z . (Feature No: 145 )
146,"var_146_tBodyGyro-arCoeff()-X,1","Original features: tBodyGyro-arCoeff()-X,1 . (Feature No: 146 )"
147,"var_147_tBodyGyro-arCoeff()-X,2","Original features: tBodyGyro-arCoeff()-X,2 . (Feature No: 147 )"
148,"var_148_tBodyGyro-arCoeff()-X,3","Original features: tBodyGyro-arCoeff()-X,3 . (Feature No: 148 )"
149,"var_149_tBodyGyro-arCoeff()-X,4","Original features: tBodyGyro-arCoeff()-X,4 . (Feature No: 149 )"
150,"var_150_tBodyGyro-arCoeff()-Y,1","Original features: tBodyGyro-arCoeff()-Y,1 . (Feature No: 150 )"
151,"var_151_tBodyGyro-arCoeff()-Y,2","Original features: tBodyGyro-arCoeff()-Y,2 . (Feature No: 151 )"
152,"var_152_tBodyGyro-arCoeff()-Y,3","Original features: tBodyGyro-arCoeff()-Y,3 . (Feature No: 152 )"
153,"var_153_tBodyGyro-arCoeff()-Y,4","Original features: tBodyGyro-arCoeff()-Y,4 . (Feature No: 153 )"
154,"var_154_tBodyGyro-arCoeff()-Z,1","Original features: tBodyGyro-arCoeff()-Z,1 . (Feature No: 154 )"
155,"var_155_tBodyGyro-arCoeff()-Z,2","Original features: tBodyGyro-arCoeff()-Z,2 . (Feature No: 155 )"
156,"var_156_tBodyGyro-arCoeff()-Z,3","Original features: tBodyGyro-arCoeff()-Z,3 . (Feature No: 156 )"
157,"var_157_tBodyGyro-arCoeff()-Z,4","Original features: tBodyGyro-arCoeff()-Z,4 . (Feature No: 157 )"
158,"var_158_tBodyGyro-correlation()-X,Y","Original features: tBodyGyro-correlation()-X,Y . (Feature No: 158 )"
159,"var_159_tBodyGyro-correlation()-X,Z","Original features: tBodyGyro-correlation()-X,Z . (Feature No: 159 )"
160,"var_160_tBodyGyro-correlation()-Y,Z","Original features: tBodyGyro-correlation()-Y,Z . (Feature No: 160 )"
161,var_161_tBodyGyroJerk-mean()-X,Original features: tBodyGyroJerk-mean()-X . (Feature No: 161 )
162,var_162_tBodyGyroJerk-mean()-Y,Original features: tBodyGyroJerk-mean()-Y . (Feature No: 162 )
163,var_163_tBodyGyroJerk-mean()-Z,Original features: tBodyGyroJerk-mean()-Z . (Feature No: 163 )
164,var_164_tBodyGyroJerk-std()-X,Original features: tBodyGyroJerk-std()-X . (Feature No: 164 )
165,var_165_tBodyGyroJerk-std()-Y,Original features: tBodyGyroJerk-std()-Y . (Feature No: 165 )
166,var_166_tBodyGyroJerk-std()-Z,Original features: tBodyGyroJerk-std()-Z . (Feature No: 166 )
167,var_167_tBodyGyroJerk-mad()-X,Original features: tBodyGyroJerk-mad()-X . (Feature No: 167 )
168,var_168_tBodyGyroJerk-mad()-Y,Original features: tBodyGyroJerk-mad()-Y . (Feature No: 168 )
169,var_169_tBodyGyroJerk-mad()-Z,Original features: tBodyGyroJerk-mad()-Z . (Feature No: 169 )
170,var_170_tBodyGyroJerk-max()-X,Original features: tBodyGyroJerk-max()-X . (Feature No: 170 )
171,var_171_tBodyGyroJerk-max()-Y,Original features: tBodyGyroJerk-max()-Y . (Feature No: 171 )
172,var_172_tBodyGyroJerk-max()-Z,Original features: tBodyGyroJerk-max()-Z . (Feature No: 172 )
173,var_173_tBodyGyroJerk-min()-X,Original features: tBodyGyroJerk-min()-X . (Feature No: 173 )
174,var_174_tBodyGyroJerk-min()-Y,Original features: tBodyGyroJerk-min()-Y . (Feature No: 174 )
175,var_175_tBodyGyroJerk-min()-Z,Original features: tBodyGyroJerk-min()-Z . (Feature No: 175 )
176,var_176_tBodyGyroJerk-sma(),Original features: tBodyGyroJerk-sma() . (Feature No: 176 )
177,var_177_tBodyGyroJerk-energy()-X,Original features: tBodyGyroJerk-energy()-X . (Feature No: 177 )
178,var_178_tBodyGyroJerk-energy()-Y,Original features: tBodyGyroJerk-energy()-Y . (Feature No: 178 )
179,var_179_tBodyGyroJerk-energy()-Z,Original features: tBodyGyroJerk-energy()-Z . (Feature No: 179 )
180,var_180_tBodyGyroJerk-iqr()-X,Original features: tBodyGyroJerk-iqr()-X . (Feature No: 180 )
181,var_181_tBodyGyroJerk-iqr()-Y,Original features: tBodyGyroJerk-iqr()-Y . (Feature No: 181 )
182,var_182_tBodyGyroJerk-iqr()-Z,Original features: tBodyGyroJerk-iqr()-Z . (Feature No: 182 )
183,var_183_tBodyGyroJerk-entropy()-X,Original features: tBodyGyroJerk-entropy()-X . (Feature No: 183 )
184,var_184_tBodyGyroJerk-entropy()-Y,Original features: tBodyGyroJerk-entropy()-Y . (Feature No: 184 )
185,var_185_tBodyGyroJerk-entropy()-Z,Original features: tBodyGyroJerk-entropy()-Z . (Feature No: 185 )
186,"var_186_tBodyGyroJerk-arCoeff()-X,1","Original features: tBodyGyroJerk-arCoeff()-X,1 . (Feature No: 186 )"
187,"var_187_tBodyGyroJerk-arCoeff()-X,2","Original features: tBodyGyroJerk-arCoeff()-X,2 . (Feature No: 187 )"
188,"var_188_tBodyGyroJerk-arCoeff()-X,3","Original features: tBodyGyroJerk-arCoeff()-X,3 . (Feature No: 188 )"
189,"var_189_tBodyGyroJerk-arCoeff()-X,4","Original features: tBodyGyroJerk-arCoeff()-X,4 . (Feature No: 189 )"
190,"var_190_tBodyGyroJerk-arCoeff()-Y,1","Original features: tBodyGyroJerk-arCoeff()-Y,1 . (Feature No: 190 )"
191,"var_191_tBodyGyroJerk-arCoeff()-Y,2","Original features: tBodyGyroJerk-arCoeff()-Y,2 . (Feature No: 191 )"
192,"var_192_tBodyGyroJerk-arCoeff()-Y,3","Original features: tBodyGyroJerk-arCoeff()-Y,3 . (Feature No: 192 )"
193,"var_193_tBodyGyroJerk-arCoeff()-Y,4","Original features: tBodyGyroJerk-arCoeff()-Y,4 . (Feature No: 193 )"
194,"var_194_tBodyGyroJerk-arCoeff()-Z,1","Original features: tBodyGyroJerk-arCoeff()-Z,1 . (Feature No: 194 )"
195,"var_195_tBodyGyroJerk-arCoeff()-Z,2","Original features: tBodyGyroJerk-arCoeff()-Z,2 . (Feature No: 195 )"
196,"var_196_tBodyGyroJerk-arCoeff()-Z,3","Original features: tBodyGyroJerk-arCoeff()-Z,3 . (Feature No: 196 )"
197,"var_197_tBodyGyroJerk-arCoeff()-Z,4","Original features: tBodyGyroJerk-arCoeff()-Z,4 . (Feature No: 197 )"
198,"var_198_tBodyGyroJerk-correlation()-X,Y","Original features: tBodyGyroJerk-correlation()-X,Y . (Feature No: 198 )"
199,"var_199_tBodyGyroJerk-correlation()-X,Z","Original features: tBodyGyroJerk-correlation()-X,Z . (Feature No: 199 )"
200,"var_200_tBodyGyroJerk-correlation()-Y,Z","Original features: tBodyGyroJerk-correlation()-Y,Z . (Feature No: 200 )"
201,var_201_tBodyAccMag-mean(),Original features: tBodyAccMag-mean() . (Feature No: 201 )
202,var_202_tBodyAccMag-std(),Original features: tBodyAccMag-std() . (Feature No: 202 )
203,var_203_tBodyAccMag-mad(),Original features: tBodyAccMag-mad() . (Feature No: 203 )
204,var_204_tBodyAccMag-max(),Original features: tBodyAccMag-max() . (Feature No: 204 )
205,var_205_tBodyAccMag-min(),Original features: tBodyAccMag-min() . (Feature No: 205 )
206,var_206_tBodyAccMag-sma(),Original features: tBodyAccMag-sma() . (Feature No: 206 )
207,var_207_tBodyAccMag-energy(),Original features: tBodyAccMag-energy() . (Feature No: 207 )
208,var_208_tBodyAccMag-iqr(),Original features: tBodyAccMag-iqr() . (Feature No: 208 )
209,var_209_tBodyAccMag-entropy(),Original features: tBodyAccMag-entropy() . (Feature No: 209 )
210,var_210_tBodyAccMag-arCoeff()1,Original features: tBodyAccMag-arCoeff()1 . (Feature No: 210 )
211,var_211_tBodyAccMag-arCoeff()2,Original features: tBodyAccMag-arCoeff()2 . (Feature No: 211 )
212,var_212_tBodyAccMag-arCoeff()3,Original features: tBodyAccMag-arCoeff()3 . (Feature No: 212 )
213,var_213_tBodyAccMag-arCoeff()4,Original features: tBodyAccMag-arCoeff()4 . (Feature No: 213 )
214,var_214_tGravityAccMag-mean(),Original features: tGravityAccMag-mean() . (Feature No: 214 )
215,var_215_tGravityAccMag-std(),Original features: tGravityAccMag-std() . (Feature No: 215 )
216,var_216_tGravityAccMag-mad(),Original features: tGravityAccMag-mad() . (Feature No: 216 )
217,var_217_tGravityAccMag-max(),Original features: tGravityAccMag-max() . (Feature No: 217 )
218,var_218_tGravityAccMag-min(),Original features: tGravityAccMag-min() . (Feature No: 218 )
219,var_219_tGravityAccMag-sma(),Original features: tGravityAccMag-sma() . (Feature No: 219 )
220,var_220_tGravityAccMag-energy(),Original features: tGravityAccMag-energy() . (Feature No: 220 )
221,var_221_tGravityAccMag-iqr(),Original features: tGravityAccMag-iqr() . (Feature No: 221 )
222,var_222_tGravityAccMag-entropy(),Original features: tGravityAccMag-entropy() . (Feature No: 222 )
223,var_223_tGravityAccMag-arCoeff()1,Original features: tGravityAccMag-arCoeff()1 . (Feature No: 223 )
224,var_224_tGravityAccMag-arCoeff()2,Original features: tGravityAccMag-arCoeff()2 . (Feature No: 224 )
225,var_225_tGravityAccMag-arCoeff()3,Original features: tGravityAccMag-arCoeff()3 . (Feature No: 225 )
226,var_226_tGravityAccMag-arCoeff()4,Original features: tGravityAccMag-arCoeff()4 . (Feature No: 226 )
227,var_227_tBodyAccJerkMag-mean(),Original features: tBodyAccJerkMag-mean() . (Feature No: 227 )
228,var_228_tBodyAccJerkMag-std(),Original features: tBodyAccJerkMag-std() . (Feature No: 228 )
229,var_229_tBodyAccJerkMag-mad(),Original features: tBodyAccJerkMag-mad() . (Feature No: 229 )
230,var_230_tBodyAccJerkMag-max(),Original features: tBodyAccJerkMag-max() . (Feature No: 230 )
231,var_231_tBodyAccJerkMag-min(),Original features: tBodyAccJerkMag-min() . (Feature No: 231 )
232,var_232_tBodyAccJerkMag-sma(),Original features: tBodyAccJerkMag-sma() . (Feature No: 232 )
233,var_233_tBodyAccJerkMag-energy(),Original features: tBodyAccJerkMag-energy() . (Feature No: 233 )
234,var_234_tBodyAccJerkMag-iqr(),Original features: tBodyAccJerkMag-iqr() . (Feature No: 234 )
235,var_235_tBodyAccJerkMag-entropy(),Original features: tBodyAccJerkMag-entropy() . (Feature No: 235 )
236,var_236_tBodyAccJerkMag-arCoeff()1,Original features: tBodyAccJerkMag-arCoeff()1 . (Feature No: 236 )
237,var_237_tBodyAccJerkMag-arCoeff()2,Original features: tBodyAccJerkMag-arCoeff()2 . (Feature No: 237 )
238,var_238_tBodyAccJerkMag-arCoeff()3,Original features: tBodyAccJerkMag-arCoeff()3 . (Feature No: 238 )
239,var_239_tBodyAccJerkMag-arCoeff()4,Original features: tBodyAccJerkMag-arCoeff()4 . (Feature No: 239 )
240,var_240_tBodyGyroMag-mean(),Original features: tBodyGyroMag-mean() . (Feature No: 240 )
241,var_241_tBodyGyroMag-std(),Original features: tBodyGyroMag-std() . (Feature No: 241 )
242,var_242_tBodyGyroMag-mad(),Original features: tBodyGyroMag-mad() . (Feature No: 242 )
243,var_243_tBodyGyroMag-max(),Original features: tBodyGyroMag-max() . (Feature No: 243 )
244,var_244_tBodyGyroMag-min(),Original features: tBodyGyroMag-min() . (Feature No: 244 )
245,var_245_tBodyGyroMag-sma(),Original features: tBodyGyroMag-sma() . (Feature No: 245 )
246,var_246_tBodyGyroMag-energy(),Original features: tBodyGyroMag-energy() . (Feature No: 246 )
247,var_247_tBodyGyroMag-iqr(),Original features: tBodyGyroMag-iqr() . (Feature No: 247 )
248,var_248_tBodyGyroMag-entropy(),Original features: tBodyGyroMag-entropy() . (Feature No: 248 )
249,var_249_tBodyGyroMag-arCoeff()1,Original features: tBodyGyroMag-arCoeff()1 . (Feature No: 249 )
250,var_250_tBodyGyroMag-arCoeff()2,Original features: tBodyGyroMag-arCoeff()2 . (Feature No: 250 )
251,var_251_tBodyGyroMag-arCoeff()3,Original features: tBodyGyroMag-arCoeff()3 . (Feature No: 251 )
252,var_252_tBodyGyroMag-arCoeff()4,Original features: tBodyGyroMag-arCoeff()4 . (Feature No: 252 )
253,var_253_tBodyGyroJerkMag-mean(),Original features: tBodyGyroJerkMag-mean() . (Feature No: 253 )
254,var_254_tBodyGyroJerkMag-std(),Original features: tBodyGyroJerkMag-std() . (Feature No: 254 )
255,var_255_tBodyGyroJerkMag-mad(),Original features: tBodyGyroJerkMag-mad() . (Feature No: 255 )
256,var_256_tBodyGyroJerkMag-max(),Original features: tBodyGyroJerkMag-max() . (Feature No: 256 )
257,var_257_tBodyGyroJerkMag-min(),Original features: tBodyGyroJerkMag-min() . (Feature No: 257 )
258,var_258_tBodyGyroJerkMag-sma(),Original features: tBodyGyroJerkMag-sma() . (Feature No: 258 )
259,var_259_tBodyGyroJerkMag-energy(),Original features: tBodyGyroJerkMag-energy() . (Feature No: 259 )
260,var_260_tBodyGyroJerkMag-iqr(),Original features: tBodyGyroJerkMag-iqr() . (Feature No: 260 )
261,var_261_tBodyGyroJerkMag-entropy(),Original features: tBodyGyroJerkMag-entropy() . (Feature No: 261 )
262,var_262_tBodyGyroJerkMag-arCoeff()1,Original features: tBodyGyroJerkMag-arCoeff()1 . (Feature No: 262 )
263,var_263_tBodyGyroJerkMag-arCoeff()2,Original features: tBodyGyroJerkMag-arCoeff()2 . (Feature No: 263 )
264,var_264_tBodyGyroJerkMag-arCoeff()3,Original features: tBodyGyroJerkMag-arCoeff()3 . (Feature No: 264 )
265,var_265_tBodyGyroJerkMag-arCoeff()4,Original features: tBodyGyroJerkMag-arCoeff()4 . (Feature No: 265 )
266,var_266_fBodyAcc-mean()-X,Original features: fBodyAcc-mean()-X . (Feature No: 266 )
267,var_267_fBodyAcc-mean()-Y,Original features: fBodyAcc-mean()-Y . (Feature No: 267 )
268,var_268_fBodyAcc-mean()-Z,Original features: fBodyAcc-mean()-Z . (Feature No: 268 )
269,var_269_fBodyAcc-std()-X,Original features: fBodyAcc-std()-X . (Feature No: 269 )
270,var_270_fBodyAcc-std()-Y,Original features: fBodyAcc-std()-Y . (Feature No: 270 )
271,var_271_fBodyAcc-std()-Z,Original features: fBodyAcc-std()-Z . (Feature No: 271 )
272,var_272_fBodyAcc-mad()-X,Original features: fBodyAcc-mad()-X . (Feature No: 272 )
273,var_273_fBodyAcc-mad()-Y,Original features: fBodyAcc-mad()-Y . (Feature No: 273 )
274,var_274_fBodyAcc-mad()-Z,Original features: fBodyAcc-mad()-Z . (Feature No: 274 )
275,var_275_fBodyAcc-max()-X,Original features: fBodyAcc-max()-X . (Feature No: 275 )
276,var_276_fBodyAcc-max()-Y,Original features: fBodyAcc-max()-Y . (Feature No: 276 )
277,var_277_fBodyAcc-max()-Z,Original features: fBodyAcc-max()-Z . (Feature No: 277 )
278,var_278_fBodyAcc-min()-X,Original features: fBodyAcc-min()-X . (Feature No: 278 )
279,var_279_fBodyAcc-min()-Y,Original features: fBodyAcc-min()-Y . (Feature No: 279 )
280,var_280_fBodyAcc-min()-Z,Original features: fBodyAcc-min()-Z . (Feature No: 280 )
281,var_281_fBodyAcc-sma(),Original features: fBodyAcc-sma() . (Feature No: 281 )
282,var_282_fBodyAcc-energy()-X,Original features: fBodyAcc-energy()-X . (Feature No: 282 )
283,var_283_fBodyAcc-energy()-Y,Original features: fBodyAcc-energy()-Y . (Feature No: 283 )
284,var_284_fBodyAcc-energy()-Z,Original features: fBodyAcc-energy()-Z . (Feature No: 284 )
285,var_285_fBodyAcc-iqr()-X,Original features: fBodyAcc-iqr()-X . (Feature No: 285 )
286,var_286_fBodyAcc-iqr()-Y,Original features: fBodyAcc-iqr()-Y . (Feature No: 286 )
287,var_287_fBodyAcc-iqr()-Z,Original features: fBodyAcc-iqr()-Z . (Feature No: 287 )
288,var_288_fBodyAcc-entropy()-X,Original features: fBodyAcc-entropy()-X . (Feature No: 288 )
289,var_289_fBodyAcc-entropy()-Y,Original features: fBodyAcc-entropy()-Y . (Feature No: 289 )
290,var_290_fBodyAcc-entropy()-Z,Original features: fBodyAcc-entropy()-Z . (Feature No: 290 )
291,var_291_fBodyAcc-maxInds-X,Original features: fBodyAcc-maxInds-X . (Feature No: 291 )
292,var_292_fBodyAcc-maxInds-Y,Original features: fBodyAcc-maxInds-Y . (Feature No: 292 )
293,var_293_fBodyAcc-maxInds-Z,Original features: fBodyAcc-maxInds-Z . (Feature No: 293 )
294,var_294_fBodyAcc-meanFreq()-X,Original features: fBodyAcc-meanFreq()-X . (Feature No: 294 )
295,var_295_fBodyAcc-meanFreq()-Y,Original features: fBodyAcc-meanFreq()-Y . (Feature No: 295 )
296,var_296_fBodyAcc-meanFreq()-Z,Original features: fBodyAcc-meanFreq()-Z . (Feature No: 296 )
297,var_297_fBodyAcc-skewness()-X,Original features: fBodyAcc-skewness()-X . (Feature No: 297 )
298,var_298_fBodyAcc-kurtosis()-X,Original features: fBodyAcc-kurtosis()-X . (Feature No: 298 )
299,var_299_fBodyAcc-skewness()-Y,Original features: fBodyAcc-skewness()-Y . (Feature No: 299 )
300,var_300_fBodyAcc-kurtosis()-Y,Original features: fBodyAcc-kurtosis()-Y . (Feature No: 300 )
301,var_301_fBodyAcc-skewness()-Z,Original features: fBodyAcc-skewness()-Z . (Feature No: 301 )
302,var_302_fBodyAcc-kurtosis()-Z,Original features: fBodyAcc-kurtosis()-Z . (Feature No: 302 )
303,"var_303_fBodyAcc-bandsEnergy()-1,8","Original features: fBodyAcc-bandsEnergy()-1,8 . (Feature No: 303 )"
304,"var_304_fBodyAcc-bandsEnergy()-9,16","Original features: fBodyAcc-bandsEnergy()-9,16 . (Feature No: 304 )"
305,"var_305_fBodyAcc-bandsEnergy()-17,24","Original features: fBodyAcc-bandsEnergy()-17,24 . (Feature No: 305 )"
306,"var_306_fBodyAcc-bandsEnergy()-25,32","Original features: fBodyAcc-bandsEnergy()-25,32 . (Feature No: 306 )"
307,"var_307_fBodyAcc-bandsEnergy()-33,40","Original features: fBodyAcc-bandsEnergy()-33,40 . (Feature No: 307 )"
308,"var_308_fBodyAcc-bandsEnergy()-41,48","Original features: fBodyAcc-bandsEnergy()-41,48 . (Feature No: 308 )"
309,"var_309_fBodyAcc-bandsEnergy()-49,56","Original features: fBodyAcc-bandsEnergy()-49,56 . (Feature No: 309 )"
310,"var_310_fBodyAcc-bandsEnergy()-57,64","Original features: fBodyAcc-bandsEnergy()-57,64 . (Feature No: 310 )"
311,"var_311_fBodyAcc-bandsEnergy()-1,16","Original features: fBodyAcc-bandsEnergy()-1,16 . (Feature No: 311 )"
312,"var_312_fBodyAcc-bandsEnergy()-17,32","Original features: fBodyAcc-bandsEnergy()-17,32 . (Feature No: 312 )"
313,"var_313_fBodyAcc-bandsEnergy()-33,48","Original features: fBodyAcc-bandsEnergy()-33,48 . (Feature No: 313 )"
314,"var_314_fBodyAcc-bandsEnergy()-49,64","Original features: fBodyAcc-bandsEnergy()-49,64 . (Feature No: 314 )"
315,"var_315_fBodyAcc-bandsEnergy()-1,24","Original features: fBodyAcc-bandsEnergy()-1,24 . (Feature No: 315 )"
316,"var_316_fBodyAcc-bandsEnergy()-25,48","Original features: fBodyAcc-bandsEnergy()-25,48 . (Feature No: 316 )"
317,"var_317_fBodyAcc-bandsEnergy()-1,8","Original features: fBodyAcc-bandsEnergy()-1,8 . (Feature No: 317 )"
318,"var_318_fBodyAcc-bandsEnergy()-9,16","Original features: fBodyAcc-bandsEnergy()-9,16 . (Feature No: 318 )"
319,"var_319_fBodyAcc-bandsEnergy()-17,24","Original features: fBodyAcc-bandsEnergy()-17,24 . (Feature No: 319 )"
320,"var_320_fBodyAcc-bandsEnergy()-25,32","Original features: fBodyAcc-bandsEnergy()-25,32 . (Feature No: 320 )"
321,"var_321_fBodyAcc-bandsEnergy()-33,40","Original features: fBodyAcc-bandsEnergy()-33,40 . (Feature No: 321 )"
322,"var_322_fBodyAcc-bandsEnergy()-41,48","Original features: fBodyAcc-bandsEnergy()-41,48 . (Feature No: 322 )"
323,"var_323_fBodyAcc-bandsEnergy()-49,56","Original features: fBodyAcc-bandsEnergy()-49,56 . (Feature No: 323 )"
324,"var_324_fBodyAcc-bandsEnergy()-57,64","Original features: fBodyAcc-bandsEnergy()-57,64 . (Feature No: 324 )"
325,"var_325_fBodyAcc-bandsEnergy()-1,16","Original features: fBodyAcc-bandsEnergy()-1,16 . (Feature No: 325 )"
326,"var_326_fBodyAcc-bandsEnergy()-17,32","Original features: fBodyAcc-bandsEnergy()-17,32 . (Feature No: 326 )"
327,"var_327_fBodyAcc-bandsEnergy()-33,48","Original features: fBodyAcc-bandsEnergy()-33,48 . (Feature No: 327 )"
328,"var_328_fBodyAcc-bandsEnergy()-49,64","Original features: fBodyAcc-bandsEnergy()-49,64 . (Feature No: 328 )"
329,"var_329_fBodyAcc-bandsEnergy()-1,24","Original features: fBodyAcc-bandsEnergy()-1,24 . (Feature No: 329 )"
330,"var_330_fBodyAcc-bandsEnergy()-25,48","Original features: fBodyAcc-bandsEnergy()-25,48 . (Feature No: 330 )"
331,"var_331_fBodyAcc-bandsEnergy()-1,8","Original features: fBodyAcc-bandsEnergy()-1,8 . (Feature No: 331 )"
332,"var_332_fBodyAcc-bandsEnergy()-9,16","Original features: fBodyAcc-bandsEnergy()-9,16 . (Feature No: 332 )"
333,"var_333_fBodyAcc-bandsEnergy()-17,24","Original features: fBodyAcc-bandsEnergy()-17,24 . (Feature No: 333 )"
334,"var_334_fBodyAcc-bandsEnergy()-25,32","Original features: fBodyAcc-bandsEnergy()-25,32 . (Feature No: 334 )"
335,"var_335_fBodyAcc-bandsEnergy()-33,40","Original features: fBodyAcc-bandsEnergy()-33,40 . (Feature No: 335 )"
336,"var_336_fBodyAcc-bandsEnergy()-41,48","Original features: fBodyAcc-bandsEnergy()-41,48 . (Feature No: 336 )"
337,"var_337_fBodyAcc-bandsEnergy()-49,56","Original features: fBodyAcc-bandsEnergy()-49,56 . (Feature No: 337 )"
338,"var_338_fBodyAcc-bandsEnergy()-57,64","Original features: fBodyAcc-bandsEnergy()-57,64 . (Feature No: 338 )"
339,"var_339_fBodyAcc-bandsEnergy()-1,16","Original features: fBodyAcc-bandsEnergy()-1,16 . (Feature No: 339 )"
340,"var_340_fBodyAcc-bandsEnergy()-17,32","Original features: fBodyAcc-bandsEnergy()-17,32 . (Feature No: 340 )"
341,"var_341_fBodyAcc-bandsEnergy()-33,48","Original features: fBodyAcc-bandsEnergy()-33,48 . (Feature No: 341 )"
342,"var_342_fBodyAcc-bandsEnergy()-49,64","Original features: fBodyAcc-bandsEnergy()-49,64 . (Feature No: 342 )"
343,"var_343_fBodyAcc-bandsEnergy()-1,24","Original features: fBodyAcc-bandsEnergy()-1,24 . (Feature No: 343 )"
344,"var_344_fBodyAcc-bandsEnergy()-25,48","Original features: fBodyAcc-bandsEnergy()-25,48 . (Feature No: 344 )"
345,var_345_fBodyAccJerk-mean()-X,Original features: fBodyAccJerk-mean()-X . (Feature No: 345 )
346,var_346_fBodyAccJerk-mean()-Y,Original features: fBodyAccJerk-mean()-Y . (Feature No: 346 )
347,var_347_fBodyAccJerk-mean()-Z,Original features: fBodyAccJerk-mean()-Z . (Feature No: 347 )
348,var_348_fBodyAccJerk-std()-X,Original features: fBodyAccJerk-std()-X . (Feature No: 348 )
349,var_349_fBodyAccJerk-std()-Y,Original features: fBodyAccJerk-std()-Y . (Feature No: 349 )
350,var_350_fBodyAccJerk-std()-Z,Original features: fBodyAccJerk-std()-Z . (Feature No: 350 )
351,var_351_fBodyAccJerk-mad()-X,Original features: fBodyAccJerk-mad()-X . (Feature No: 351 )
352,var_352_fBodyAccJerk-mad()-Y,Original features: fBodyAccJerk-mad()-Y . (Feature No: 352 )
353,var_353_fBodyAccJerk-mad()-Z,Original features: fBodyAccJerk-mad()-Z . (Feature No: 353 )
354,var_354_fBodyAccJerk-max()-X,Original features: fBodyAccJerk-max()-X . (Feature No: 354 )
355,var_355_fBodyAccJerk-max()-Y,Original features: fBodyAccJerk-max()-Y . (Feature No: 355 )
356,var_356_fBodyAccJerk-max()-Z,Original features: fBodyAccJerk-max()-Z . (Feature No: 356 )
357,var_357_fBodyAccJerk-min()-X,Original features: fBodyAccJerk-min()-X . (Feature No: 357 )
358,var_358_fBodyAccJerk-min()-Y,Original features: fBodyAccJerk-min()-Y . (Feature No: 358 )
359,var_359_fBodyAccJerk-min()-Z,Original features: fBodyAccJerk-min()-Z . (Feature No: 359 )
360,var_360_fBodyAccJerk-sma(),Original features: fBodyAccJerk-sma() . (Feature No: 360 )
361,var_361_fBodyAccJerk-energy()-X,Original features: fBodyAccJerk-energy()-X . (Feature No: 361 )
362,var_362_fBodyAccJerk-energy()-Y,Original features: fBodyAccJerk-energy()-Y . (Feature No: 362 )
363,var_363_fBodyAccJerk-energy()-Z,Original features: fBodyAccJerk-energy()-Z . (Feature No: 363 )
364,var_364_fBodyAccJerk-iqr()-X,Original features: fBodyAccJerk-iqr()-X . (Feature No: 364 )
365,var_365_fBodyAccJerk-iqr()-Y,Original features: fBodyAccJerk-iqr()-Y . (Feature No: 365 )
366,var_366_fBodyAccJerk-iqr()-Z,Original features: fBodyAccJerk-iqr()-Z . (Feature No: 366 )
367,var_367_fBodyAccJerk-entropy()-X,Original features: fBodyAccJerk-entropy()-X . (Feature No: 367 )
368,var_368_fBodyAccJerk-entropy()-Y,Original features: fBodyAccJerk-entropy()-Y . (Feature No: 368 )
369,var_369_fBodyAccJerk-entropy()-Z,Original features: fBodyAccJerk-entropy()-Z . (Feature No: 369 )
370,var_370_fBodyAccJerk-maxInds-X,Original features: fBodyAccJerk-maxInds-X . (Feature No: 370 )
371,var_371_fBodyAccJerk-maxInds-Y,Original features: fBodyAccJerk-maxInds-Y . (Feature No: 371 )
372,var_372_fBodyAccJerk-maxInds-Z,Original features: fBodyAccJerk-maxInds-Z . (Feature No: 372 )
373,var_373_fBodyAccJerk-meanFreq()-X,Original features: fBodyAccJerk-meanFreq()-X . (Feature No: 373 )
374,var_374_fBodyAccJerk-meanFreq()-Y,Original features: fBodyAccJerk-meanFreq()-Y . (Feature No: 374 )
375,var_375_fBodyAccJerk-meanFreq()-Z,Original features: fBodyAccJerk-meanFreq()-Z . (Feature No: 375 )
376,var_376_fBodyAccJerk-skewness()-X,Original features: fBodyAccJerk-skewness()-X . (Feature No: 376 )
377,var_377_fBodyAccJerk-kurtosis()-X,Original features: fBodyAccJerk-kurtosis()-X . (Feature No: 377 )
378,var_378_fBodyAccJerk-skewness()-Y,Original features: fBodyAccJerk-skewness()-Y . (Feature No: 378 )
379,var_379_fBodyAccJerk-kurtosis()-Y,Original features: fBodyAccJerk-kurtosis()-Y . (Feature No: 379 )
380,var_380_fBodyAccJerk-skewness()-Z,Original features: fBodyAccJerk-skewness()-Z . (Feature No: 380 )
381,var_381_fBodyAccJerk-kurtosis()-Z,Original features: fBodyAccJerk-kurtosis()-Z . (Feature No: 381 )
382,"var_382_fBodyAccJerk-bandsEnergy()-1,8","Original features: fBodyAccJerk-bandsEnergy()-1,8 . (Feature No: 382 )"
383,"var_383_fBodyAccJerk-bandsEnergy()-9,16","Original features: fBodyAccJerk-bandsEnergy()-9,16 . (Feature No: 383 )"
384,"var_384_fBodyAccJerk-bandsEnergy()-17,24","Original features: fBodyAccJerk-bandsEnergy()-17,24 . (Feature No: 384 )"
385,"var_385_fBodyAccJerk-bandsEnergy()-25,32","Original features: fBodyAccJerk-bandsEnergy()-25,32 . (Feature No: 385 )"
386,"var_386_fBodyAccJerk-bandsEnergy()-33,40","Original features: fBodyAccJerk-bandsEnergy()-33,40 . (Feature No: 386 )"
387,"var_387_fBodyAccJerk-bandsEnergy()-41,48","Original features: fBodyAccJerk-bandsEnergy()-41,48 . (Feature No: 387 )"
388,"var_388_fBodyAccJerk-bandsEnergy()-49,56","Original features: fBodyAccJerk-bandsEnergy()-49,56 . (Feature No: 388 )"
389,"var_389_fBodyAccJerk-bandsEnergy()-57,64","Original features: fBodyAccJerk-bandsEnergy()-57,64 . (Feature No: 389 )"
390,"var_390_fBodyAccJerk-bandsEnergy()-1,16","Original features: fBodyAccJerk-bandsEnergy()-1,16 . (Feature No: 390 )"
391,"var_391_fBodyAccJerk-bandsEnergy()-17,32","Original features: fBodyAccJerk-bandsEnergy()-17,32 . (Feature No: 391 )"
392,"var_392_fBodyAccJerk-bandsEnergy()-33,48","Original features: fBodyAccJerk-bandsEnergy()-33,48 . (Feature No: 392 )"
393,"var_393_fBodyAccJerk-bandsEnergy()-49,64","Original features: fBodyAccJerk-bandsEnergy()-49,64 . (Feature No: 393 )"
394,"var_394_fBodyAccJerk-bandsEnergy()-1,24","Original features: fBodyAccJerk-bandsEnergy()-1,24 . (Feature No: 394 )"
395,"var_395_fBodyAccJerk-bandsEnergy()-25,48","Original features: fBodyAccJerk-bandsEnergy()-25,48 . (Feature No: 395 )"
396,"var_396_fBodyAccJerk-bandsEnergy()-1,8","Original features: fBodyAccJerk-bandsEnergy()-1,8 . (Feature No: 396 )"
397,"var_397_fBodyAccJerk-bandsEnergy()-9,16","Original features: fBodyAccJerk-bandsEnergy()-9,16 . (Feature No: 397 )"
398,"var_398_fBodyAccJerk-bandsEnergy()-17,24","Original features: fBodyAccJerk-bandsEnergy()-17,24 . (Feature No: 398 )"
399,"var_399_fBodyAccJerk-bandsEnergy()-25,32","Original features: fBodyAccJerk-bandsEnergy()-25,32 . (Feature No: 399 )"
400,"var_400_fBodyAccJerk-bandsEnergy()-33,40","Original features: fBodyAccJerk-bandsEnergy()-33,40 . (Feature No: 400 )"
401,"var_401_fBodyAccJerk-bandsEnergy()-41,48","Original features: fBodyAccJerk-bandsEnergy()-41,48 . (Feature No: 401 )"
402,"var_402_fBodyAccJerk-bandsEnergy()-49,56","Original features: fBodyAccJerk-bandsEnergy()-49,56 . (Feature No: 402 )"
403,"var_403_fBodyAccJerk-bandsEnergy()-57,64","Original features: fBodyAccJerk-bandsEnergy()-57,64 . (Feature No: 403 )"
404,"var_404_fBodyAccJerk-bandsEnergy()-1,16","Original features: fBodyAccJerk-bandsEnergy()-1,16 . (Feature No: 404 )"
405,"var_405_fBodyAccJerk-bandsEnergy()-17,32","Original features: fBodyAccJerk-bandsEnergy()-17,32 . (Feature No: 405 )"
406,"var_406_fBodyAccJerk-bandsEnergy()-33,48","Original features: fBodyAccJerk-bandsEnergy()-33,48 . (Feature No: 406 )"
407,"var_407_fBodyAccJerk-bandsEnergy()-49,64","Original features: fBodyAccJerk-bandsEnergy()-49,64 . (Feature No: 407 )"
408,"var_408_fBodyAccJerk-bandsEnergy()-1,24","Original features: fBodyAccJerk-bandsEnergy()-1,24 . (Feature No: 408 )"
409,"var_409_fBodyAccJerk-bandsEnergy()-25,48","Original features: fBodyAccJerk-bandsEnergy()-25,48 . (Feature No: 409 )"
410,"var_410_fBodyAccJerk-bandsEnergy()-1,8","Original features: fBodyAccJerk-bandsEnergy()-1,8 . (Feature No: 410 )"
411,"var_411_fBodyAccJerk-bandsEnergy()-9,16","Original features: fBodyAccJerk-bandsEnergy()-9,16 . (Feature No: 411 )"
412,"var_412_fBodyAccJerk-bandsEnergy()-17,24","Original features: fBodyAccJerk-bandsEnergy()-17,24 . (Feature No: 412 )"
413,"var_413_fBodyAccJerk-bandsEnergy()-25,32","Original features: fBodyAccJerk-bandsEnergy()-25,32 . (Feature No: 413 )"
414,"var_414_fBodyAccJerk-bandsEnergy()-33,40","Original features: fBodyAccJerk-bandsEnergy()-33,40 . (Feature No: 414 )"
415,"var_415_fBodyAccJerk-bandsEnergy()-41,48","Original features: fBodyAccJerk-bandsEnergy()-41,48 . (Feature No: 415 )"
416,"var_416_fBodyAccJerk-bandsEnergy()-49,56","Original features: fBodyAccJerk-bandsEnergy()-49,56 . (Feature No: 416 )"
417,"var_417_fBodyAccJerk-bandsEnergy()-57,64","Original features: fBodyAccJerk-bandsEnergy()-57,64 . (Feature No: 417 )"
418,"var_418_fBodyAccJerk-bandsEnergy()-1,16","Original features: fBodyAccJerk-bandsEnergy()-1,16 . (Feature No: 418 )"
419,"var_419_fBodyAccJerk-bandsEnergy()-17,32","Original features: fBodyAccJerk-bandsEnergy()-17,32 . (Feature No: 419 )"
420,"var_420_fBodyAccJerk-bandsEnergy()-33,48","Original features: fBodyAccJerk-bandsEnergy()-33,48 . (Feature No: 420 )"
421,"var_421_fBodyAccJerk-bandsEnergy()-49,64","Original features: fBodyAccJerk-bandsEnergy()-49,64 . (Feature No: 421 )"
422,"var_422_fBodyAccJerk-bandsEnergy()-1,24","Original features: fBodyAccJerk-bandsEnergy()-1,24 . (Feature No: 422 )"
423,"var_423_fBodyAccJerk-bandsEnergy()-25,48","Original features: fBodyAccJerk-bandsEnergy()-25,48 . (Feature No: 423 )"
424,var_424_fBodyGyro-mean()-X,Original features: fBodyGyro-mean()-X . (Feature No: 424 )
425,var_425_fBodyGyro-mean()-Y,Original features: fBodyGyro-mean()-Y . (Feature No: 425 )
426,var_426_fBodyGyro-mean()-Z,Original features: fBodyGyro-mean()-Z . (Feature No: 426 )
427,var_427_fBodyGyro-std()-X,Original features: fBodyGyro-std()-X . (Feature No: 427 )
428,var_428_fBodyGyro-std()-Y,Original features: fBodyGyro-std()-Y . (Feature No: 428 )
429,var_429_fBodyGyro-std()-Z,Original features: fBodyGyro-std()-Z . (Feature No: 429 )
430,var_430_fBodyGyro-mad()-X,Original features: fBodyGyro-mad()-X . (Feature No: 430 )
431,var_431_fBodyGyro-mad()-Y,Original features: fBodyGyro-mad()-Y . (Feature No: 431 )
432,var_432_fBodyGyro-mad()-Z,Original features: fBodyGyro-mad()-Z . (Feature No: 432 )
433,var_433_fBodyGyro-max()-X,Original features: fBodyGyro-max()-X . (Feature No: 433 )
434,var_434_fBodyGyro-max()-Y,Original features: fBodyGyro-max()-Y . (Feature No: 434 )
435,var_435_fBodyGyro-max()-Z,Original features: fBodyGyro-max()-Z . (Feature No: 435 )
436,var_436_fBodyGyro-min()-X,Original features: fBodyGyro-min()-X . (Feature No: 436 )
437,var_437_fBodyGyro-min()-Y,Original features: fBodyGyro-min()-Y . (Feature No: 437 )
438,var_438_fBodyGyro-min()-Z,Original features: fBodyGyro-min()-Z . (Feature No: 438 )
439,var_439_fBodyGyro-sma(),Original features: fBodyGyro-sma() . (Feature No: 439 )
440,var_440_fBodyGyro-energy()-X,Original features: fBodyGyro-energy()-X . (Feature No: 440 )
441,var_441_fBodyGyro-energy()-Y,Original features: fBodyGyro-energy()-Y . (Feature No: 441 )
442,var_442_fBodyGyro-energy()-Z,Original features: fBodyGyro-energy()-Z . (Feature No: 442 )
443,var_443_fBodyGyro-iqr()-X,Original features: fBodyGyro-iqr()-X . (Feature No: 443 )
444,var_444_fBodyGyro-iqr()-Y,Original features: fBodyGyro-iqr()-Y . (Feature No: 444 )
445,var_445_fBodyGyro-iqr()-Z,Original features: fBodyGyro-iqr()-Z . (Feature No: 445 )
446,var_446_fBodyGyro-entropy()-X,Original features: fBodyGyro-entropy()-X . (Feature No: 446 )
447,var_447_fBodyGyro-entropy()-Y,Original features: fBodyGyro-entropy()-Y . (Feature No: 447 )
448,var_448_fBodyGyro-entropy()-Z,Original features: fBodyGyro-entropy()-Z . (Feature No: 448 )
449,var_449_fBodyGyro-maxInds-X,Original features: fBodyGyro-maxInds-X . (Feature No: 449 )
450,var_450_fBodyGyro-maxInds-Y,Original features: fBodyGyro-maxInds-Y . (Feature No: 450 )
451,var_451_fBodyGyro-maxInds-Z,Original features: fBodyGyro-maxInds-Z . (Feature No: 451 )
452,var_452_fBodyGyro-meanFreq()-X,Original features: fBodyGyro-meanFreq()-X . (Feature No: 452 )
453,var_453_fBodyGyro-meanFreq()-Y,Original features: fBodyGyro-meanFreq()-Y . (Feature No: 453 )
454,var_454_fBodyGyro-meanFreq()-Z,Original features: fBodyGyro-meanFreq()-Z . (Feature No: 454 )
455,var_455_fBodyGyro-skewness()-X,Original features: fBodyGyro-skewness()-X . (Feature No: 455 )
456,var_456_fBodyGyro-kurtosis()-X,Original features: fBodyGyro-kurtosis()-X . (Feature No: 456 )
457,var_457_fBodyGyro-skewness()-Y,Original features: fBodyGyro-skewness()-Y . (Feature No: 457 )
458,var_458_fBodyGyro-kurtosis()-Y,Original features: fBodyGyro-kurtosis()-Y . (Feature No: 458 )
459,var_459_fBodyGyro-skewness()-Z,Original features: fBodyGyro-skewness()-Z . (Feature No: 459 )
460,var_460_fBodyGyro-kurtosis()-Z,Original features: fBodyGyro-kurtosis()-Z . (Feature No: 460 )
461,"var_461_fBodyGyro-bandsEnergy()-1,8","Original features: fBodyGyro-bandsEnergy()-1,8 . (Feature No: 461 )"
462,"var_462_fBodyGyro-bandsEnergy()-9,16","Original features: fBodyGyro-bandsEnergy()-9,16 . (Feature No: 462 )"
463,"var_463_fBodyGyro-bandsEnergy()-17,24","Original features: fBodyGyro-bandsEnergy()-17,24 . (Feature No: 463 )"
464,"var_464_fBodyGyro-bandsEnergy()-25,32","Original features: fBodyGyro-bandsEnergy()-25,32 . (Feature No: 464 )"
465,"var_465_fBodyGyro-bandsEnergy()-33,40","Original features: fBodyGyro-bandsEnergy()-33,40 . (Feature No: 465 )"
466,"var_466_fBodyGyro-bandsEnergy()-41,48","Original features: fBodyGyro-bandsEnergy()-41,48 . (Feature No: 466 )"
467,"var_467_fBodyGyro-bandsEnergy()-49,56","Original features: fBodyGyro-bandsEnergy()-49,56 . (Feature No: 467 )"
468,"var_468_fBodyGyro-bandsEnergy()-57,64","Original features: fBodyGyro-bandsEnergy()-57,64 . (Feature No: 468 )"
469,"var_469_fBodyGyro-bandsEnergy()-1,16","Original features: fBodyGyro-bandsEnergy()-1,16 . (Feature No: 469 )"
470,"var_470_fBodyGyro-bandsEnergy()-17,32","Original features: fBodyGyro-bandsEnergy()-17,32 . (Feature No: 470 )"
471,"var_471_fBodyGyro-bandsEnergy()-33,48","Original features: fBodyGyro-bandsEnergy()-33,48 . (Feature No: 471 )"
472,"var_472_fBodyGyro-bandsEnergy()-49,64","Original features: fBodyGyro-bandsEnergy()-49,64 . (Feature No: 472 )"
473,"var_473_fBodyGyro-bandsEnergy()-1,24","Original features: fBodyGyro-bandsEnergy()-1,24 . (Feature No: 473 )"
474,"var_474_fBodyGyro-bandsEnergy()-25,48","Original features: fBodyGyro-bandsEnergy()-25,48 . (Feature No: 474 )"
475,"var_475_fBodyGyro-bandsEnergy()-1,8","Original features: fBodyGyro-bandsEnergy()-1,8 . (Feature No: 475 )"
476,"var_476_fBodyGyro-bandsEnergy()-9,16","Original features: fBodyGyro-bandsEnergy()-9,16 . (Feature No: 476 )"
477,"var_477_fBodyGyro-bandsEnergy()-17,24","Original features: fBodyGyro-bandsEnergy()-17,24 . (Feature No: 477 )"
478,"var_478_fBodyGyro-bandsEnergy()-25,32","Original features: fBodyGyro-bandsEnergy()-25,32 . (Feature No: 478 )"
479,"var_479_fBodyGyro-bandsEnergy()-33,40","Original features: fBodyGyro-bandsEnergy()-33,40 . (Feature No: 479 )"
480,"var_480_fBodyGyro-bandsEnergy()-41,48","Original features: fBodyGyro-bandsEnergy()-41,48 . (Feature No: 480 )"
481,"var_481_fBodyGyro-bandsEnergy()-49,56","Original features: fBodyGyro-bandsEnergy()-49,56 . (Feature No: 481 )"
482,"var_482_fBodyGyro-bandsEnergy()-57,64","Original features: fBodyGyro-bandsEnergy()-57,64 . (Feature No: 482 )"
483,"var_483_fBodyGyro-bandsEnergy()-1,16","Original features: fBodyGyro-bandsEnergy()-1,16 . (Feature No: 483 )"
484,"var_484_fBodyGyro-bandsEnergy()-17,32","Original features: fBodyGyro-bandsEnergy()-17,32 . (Feature No: 484 )"
485,"var_485_fBodyGyro-bandsEnergy()-33,48","Original features: fBodyGyro-bandsEnergy()-33,48 . (Feature No: 485 )"
486,"var_486_fBodyGyro-bandsEnergy()-49,64","Original features: fBodyGyro-bandsEnergy()-49,64 . (Feature No: 486 )"
487,"var_487_fBodyGyro-bandsEnergy()-1,24","Original features: fBodyGyro-bandsEnergy()-1,24 . (Feature No: 487 )"
488,"var_488_fBodyGyro-bandsEnergy()-25,48","Original features: fBodyGyro-bandsEnergy()-25,48 . (Feature No: 488 )"
489,"var_489_fBodyGyro-bandsEnergy()-1,8","Original features: fBodyGyro-bandsEnergy()-1,8 . (Feature No: 489 )"
490,"var_490_fBodyGyro-bandsEnergy()-9,16","Original features: fBodyGyro-bandsEnergy()-9,16 . (Feature No: 490 )"
491,"var_491_fBodyGyro-bandsEnergy()-17,24","Original features: fBodyGyro-bandsEnergy()-17,24 . (Feature No: 491 )"
492,"var_492_fBodyGyro-bandsEnergy()-25,32","Original features: fBodyGyro-bandsEnergy()-25,32 . (Feature No: 492 )"
493,"var_493_fBodyGyro-bandsEnergy()-33,40","Original features: fBodyGyro-bandsEnergy()-33,40 . (Feature No: 493 )"
494,"var_494_fBodyGyro-bandsEnergy()-41,48","Original features: fBodyGyro-bandsEnergy()-41,48 . (Feature No: 494 )"
495,"var_495_fBodyGyro-bandsEnergy()-49,56","Original features: fBodyGyro-bandsEnergy()-49,56 . (Feature No: 495 )"
496,"var_496_fBodyGyro-bandsEnergy()-57,64","Original features: fBodyGyro-bandsEnergy()-57,64 . (Feature No: 496 )"
497,"var_497_fBodyGyro-bandsEnergy()-1,16","Original features: fBodyGyro-bandsEnergy()-1,16 . (Feature No: 497 )"
498,"var_498_fBodyGyro-bandsEnergy()-17,32","Original features: fBodyGyro-bandsEnergy()-17,32 . (Feature No: 498 )"
499,"var_499_fBodyGyro-bandsEnergy()-33,48","Original features: fBodyGyro-bandsEnergy()-33,48 . (Feature No: 499 )"
500,"var_500_fBodyGyro-bandsEnergy()-49,64","Original features: fBodyGyro-bandsEnergy()-49,64 . (Feature No: 500 )"
501,"var_501_fBodyGyro-bandsEnergy()-1,24","Original features: fBodyGyro-bandsEnergy()-1,24 . (Feature No: 501 )"
502,"var_502_fBodyGyro-bandsEnergy()-25,48","Original features: fBodyGyro-bandsEnergy()-25,48 . (Feature No: 502 )"
503,var_503_fBodyAccMag-mean(),Original features: fBodyAccMag-mean() . (Feature No: 503 )
504,var_504_fBodyAccMag-std(),Original features: fBodyAccMag-std() . (Feature No: 504 )
505,var_505_fBodyAccMag-mad(),Original features: fBodyAccMag-mad() . (Feature No: 505 )
506,var_506_fBodyAccMag-max(),Original features: fBodyAccMag-max() . (Feature No: 506 )
507,var_507_fBodyAccMag-min(),Original features: fBodyAccMag-min() . (Feature No: 507 )
508,var_508_fBodyAccMag-sma(),Original features: fBodyAccMag-sma() . (Feature No: 508 )
509,var_509_fBodyAccMag-energy(),Original features: fBodyAccMag-energy() . (Feature No: 509 )
510,var_510_fBodyAccMag-iqr(),Original features: fBodyAccMag-iqr() . (Feature No: 510 )
511,var_511_fBodyAccMag-entropy(),Original features: fBodyAccMag-entropy() . (Feature No: 511 )
512,var_512_fBodyAccMag-maxInds,Original features: fBodyAccMag-maxInds . (Feature No: 512 )
513,var_513_fBodyAccMag-meanFreq(),Original features: fBodyAccMag-meanFreq() . (Feature No: 513 )
514,var_514_fBodyAccMag-skewness(),Original features: fBodyAccMag-skewness() . (Feature No: 514 )
515,var_515_fBodyAccMag-kurtosis(),Original features: fBodyAccMag-kurtosis() . (Feature No: 515 )
516,var_516_fBodyBodyAccJerkMag-mean(),Original features: fBodyBodyAccJerkMag-mean() . (Feature No: 516 )
517,var_517_fBodyBodyAccJerkMag-std(),Original features: fBodyBodyAccJerkMag-std() . (Feature No: 517 )
518,var_518_fBodyBodyAccJerkMag-mad(),Original features: fBodyBodyAccJerkMag-mad() . (Feature No: 518 )
519,var_519_fBodyBodyAccJerkMag-max(),Original features: fBodyBodyAccJerkMag-max() . (Feature No: 519 )
520,var_520_fBodyBodyAccJerkMag-min(),Original features: fBodyBodyAccJerkMag-min() . (Feature No: 520 )
521,var_521_fBodyBodyAccJerkMag-sma(),Original features: fBodyBodyAccJerkMag-sma() . (Feature No: 521 )
522,var_522_fBodyBodyAccJerkMag-energy(),Original features: fBodyBodyAccJerkMag-energy() . (Feature No: 522 )
523,var_523_fBodyBodyAccJerkMag-iqr(),Original features: fBodyBodyAccJerkMag-iqr() . (Feature No: 523 )
524,var_524_fBodyBodyAccJerkMag-entropy(),Original features: fBodyBodyAccJerkMag-entropy() . (Feature No: 524 )
525,var_525_fBodyBodyAccJerkMag-maxInds,Original features: fBodyBodyAccJerkMag-maxInds . (Feature No: 525 )
526,var_526_fBodyBodyAccJerkMag-meanFreq(),Original features: fBodyBodyAccJerkMag-meanFreq() . (Feature No: 526 )
527,var_527_fBodyBodyAccJerkMag-skewness(),Original features: fBodyBodyAccJerkMag-skewness() . (Feature No: 527 )
528,var_528_fBodyBodyAccJerkMag-kurtosis(),Original features: fBodyBodyAccJerkMag-kurtosis() . (Feature No: 528 )
529,var_529_fBodyBodyGyroMag-mean(),Original features: fBodyBodyGyroMag-mean() . (Feature No: 529 )
530,var_530_fBodyBodyGyroMag-std(),Original features: fBodyBodyGyroMag-std() . (Feature No: 530 )
531,var_531_fBodyBodyGyroMag-mad(),Original features: fBodyBodyGyroMag-mad() . (Feature No: 531 )
532,var_532_fBodyBodyGyroMag-max(),Original features: fBodyBodyGyroMag-max() . (Feature No: 532 )
533,var_533_fBodyBodyGyroMag-min(),Original features: fBodyBodyGyroMag-min() . (Feature No: 533 )
534,var_534_fBodyBodyGyroMag-sma(),Original features: fBodyBodyGyroMag-sma() . (Feature No: 534 )
535,var_535_fBodyBodyGyroMag-energy(),Original features: fBodyBodyGyroMag-energy() . (Feature No: 535 )
536,var_536_fBodyBodyGyroMag-iqr(),Original features: fBodyBodyGyroMag-iqr() . (Feature No: 536 )
537,var_537_fBodyBodyGyroMag-entropy(),Original features: fBodyBodyGyroMag-entropy() . (Feature No: 537 )
538,var_538_fBodyBodyGyroMag-maxInds,Original features: fBodyBodyGyroMag-maxInds . (Feature No: 538 )
539,var_539_fBodyBodyGyroMag-meanFreq(),Original features: fBodyBodyGyroMag-meanFreq() . (Feature No: 539 )
540,var_540_fBodyBodyGyroMag-skewness(),Original features: fBodyBodyGyroMag-skewness() . (Feature No: 540 )
541,var_541_fBodyBodyGyroMag-kurtosis(),Original features: fBodyBodyGyroMag-kurtosis() . (Feature No: 541 )
542,var_542_fBodyBodyGyroJerkMag-mean(),Original features: fBodyBodyGyroJerkMag-mean() . (Feature No: 542 )
543,var_543_fBodyBodyGyroJerkMag-std(),Original features: fBodyBodyGyroJerkMag-std() . (Feature No: 543 )
544,var_544_fBodyBodyGyroJerkMag-mad(),Original features: fBodyBodyGyroJerkMag-mad() . (Feature No: 544 )
545,var_545_fBodyBodyGyroJerkMag-max(),Original features: fBodyBodyGyroJerkMag-max() . (Feature No: 545 )
546,var_546_fBodyBodyGyroJerkMag-min(),Original features: fBodyBodyGyroJerkMag-min() . (Feature No: 546 )
547,var_547_fBodyBodyGyroJerkMag-sma(),Original features: fBodyBodyGyroJerkMag-sma() . (Feature No: 547 )
548,var_548_fBodyBodyGyroJerkMag-energy(),Original features: fBodyBodyGyroJerkMag-energy() . (Feature No: 548 )
549,var_549_fBodyBodyGyroJerkMag-iqr(),Original features: fBodyBodyGyroJerkMag-iqr() . (Feature No: 549 )
550,var_550_fBodyBodyGyroJerkMag-entropy(),Original features: fBodyBodyGyroJerkMag-entropy() . (Feature No: 550 )
551,var_551_fBodyBodyGyroJerkMag-maxInds,Original features: fBodyBodyGyroJerkMag-maxInds . (Feature No: 551 )
552,var_552_fBodyBodyGyroJerkMag-meanFreq(),Original features: fBodyBodyGyroJerkMag-meanFreq() . (Feature No: 552 )
553,var_553_fBodyBodyGyroJerkMag-skewness(),Original features: fBodyBodyGyroJerkMag-skewness() . (Feature No: 553 )
554,var_554_fBodyBodyGyroJerkMag-kurtosis(),Original features: fBodyBodyGyroJerkMag-kurtosis() . (Feature No: 554 )
555,"var_555_angle(tBodyAccMean,gravity)","Original features: angle(tBodyAccMean,gravity) . (Feature No: 555 )"
556,"var_556_angle(tBodyAccJerkMean),gravityMean)","Original features: angle(tBodyAccJerkMean),gravityMean) . (Feature No: 556 )"
557,"var_557_angle(tBodyGyroMean,gravityMean)","Original features: angle(tBodyGyroMean,gravityMean) . (Feature No: 557 )"
558,"var_558_angle(tBodyGyroJerkMean,gravityMean)","Original features: angle(tBodyGyroJerkMean,gravityMean) . (Feature No: 558 )"
559,"var_559_angle(X,gravityMean)","Original features: angle(X,gravityMean) . (Feature No: 559 )"
560,"var_560_angle(Y,gravityMean)","Original features: angle(Y,gravityMean) . (Feature No: 560 )"
561,"var_561_angle(Z,gravityMean)","Original features: angle(Z,gravityMean) . (Feature No: 561 )"
562,var_562_subject,subject
563,var_563_activity_label,activity_label
